{
  "metrics": {
    "mae": 179.54023680059012,
    "rmse": 308.94622714610335,
    "r2": 0.5293877582624112
  },
  "train_rows": 1267894,
  "test_rows": 316974
}